<?xml version="1.0" ?>
<document xmlns="urn:w3id.org:cmip6.dreq.dreq:a" xmlns:dc="http://purl.org/dc/elements/1.1/" xmlns:pav="http://purl.org/pav/2.3" xmlns:xsi="http://www.w3.org/2001/XMLSchema-instance" xsi:noNamespaceSchemaLocation="out/dreqSchema.xsd">
<prologue>
<dc:title>CMIP6 Data Request Supplement [01.00.10]</dc:title>
<dc:description>The CMIP6 Data Request will specify the variables requested for the CMIP6 archive, and the detail the experiments and time slices for which they are required.</dc:description>
<dc:creator>Martin Juckes</dc:creator>
<dc:date>2017-05-10</dc:date>
<pav:version>01.00.10</pav:version>
</prologue>
<main>
<qcranges id="" label="qcranges" title="Quality Control Ranges" uid="SECTION:qcranges" useClass="vocab">
<!-- <info srcType="dummy" srcRef="ptxt.py">Dummy entries</info> -->
<item comment="" label="Amon-ci" ok_max_mean_abs="0.9" ok_max_mean_abs_status="suggested" ok_min_mean_abs="0.02" ok_min_mean_abs_status="suggested" prov="CMIP5 data" title="Guide ranges for ci (table Amon)" uid="dacf889e-3588-11e7-a0da-5404a60d96b5" valid_max="1.001" valid_max_status="robust" valid_min="-0.001" valid_min_status="robust" vid="baaa3984-e5dd-11e5-8482-ac72891c3257"/>
<item comment="" label="Amon-sci" ok_max_mean_abs="0.9" ok_max_mean_abs_status="robust" ok_min_mean_abs="0.02" ok_min_mean_abs_status="robust" prov="" title="Guide ranges for sci (table Amon)" uid="dad170fa-3588-11e7-a0da-5404a60d96b5" valid_max="1.001" valid_max_status="robust" valid_min="-0.001" valid_min_status="robust" vid="bab6d180-e5dd-11e5-8482-ac72891c3257"/>
<item comment="One CMIP5 model is an outlier in mean abs values, being a factor 1000 out: a clear scaling error. Many models exceed the CMIP5 max: relaxed significantly to allow for further increase in modelled convective activity" label="Amon-prc" ok_max_mean_abs="4e-05" ok_max_mean_abs_status="robust" ok_min_mean_abs="3e-06" ok_min_mean_abs_status="robust" prov="" title="Guide ranges for prc (table Amon)" uid="dad28ee0-3588-11e7-a0da-5404a60d96b5" valid_max="0.0015" valid_max_status="robust" valid_min="-1e-06" valid_min_status="robust" vid="bab3f8a2-e5dd-11e5-8482-ac72891c3257"/>
<item comment="" label="Amon-tas" ok_max_mean_abs="295.0" ok_max_mean_abs_status="robust" ok_min_mean_abs="255.0" ok_min_mean_abs_status="robust" prov="" title="Guide ranges for tas (table Amon)" uid="dad3d21e-3588-11e7-a0da-5404a60d96b5" valid_max="350.0" valid_max_status="robust" valid_min="170.0" valid_min_status="robust" vid="bab9237c-e5dd-11e5-8482-ac72891c3257"/>
<item comment="CMIP5 values too limited: expanded here." label="Amon-rsuscs" ok_max_mean_abs="90.0" ok_max_mean_abs_status="robust" ok_min_mean_abs="10.0" ok_min_mean_abs_status="robust" prov="" title="Guide ranges for rsuscs (table Amon)" uid="dad4fd88-3588-11e7-a0da-5404a60d96b5" valid_max="480.0" valid_max_status="robust" valid_min="-0.1" valid_min_status="robust" vid="bab670b4-e5dd-11e5-8482-ac72891c3257"/>
<item comment="CMIP5 values too restrictive .. resolution dependent extremes expected .. generous extension of range" label="Amon-uas" ok_max_mean_abs="10.0" ok_max_mean_abs_status="robust" ok_min_mean_abs="1.0" ok_min_mean_abs_status="robust" prov="" title="Guide ranges for uas (table Amon)" uid="dad55ed6-3588-11e7-a0da-5404a60d96b5" valid_max="80.0" valid_max_status="robust" valid_min="-80.0" valid_min_status="robust" vid="babb67c2-e5dd-11e5-8482-ac72891c3257"/>
<item comment="CMIP5 table max/min values OK apart from one outlier; mean abs values too tight" label="Amon-huss" ok_max_mean_abs="0.012" ok_max_mean_abs_status="robust" ok_min_mean_abs="0.005" ok_min_mean_abs_status="robust" prov="" title="Guide ranges for huss (table Amon)" uid="dad58d52-3588-11e7-a0da-5404a60d96b5" valid_max="0.03" valid_max_status="robust" valid_min="0.0" valid_min_status="robust" vid="bab01dfe-e5dd-11e5-8482-ac72891c3257"/>
<item comment="" label="Amon-hfss" ok_max_mean_abs="38.0" ok_max_mean_abs_status="suggested" ok_min_mean_abs="10.0" ok_min_mean_abs_status="suggested" prov="" title="Guide ranges for hfss (table Amon)" uid="dad5c128-3588-11e7-a0da-5404a60d96b5" valid_max="1200.0" valid_max_status="suggested" valid_min="-400.0" valid_min_status="suggested" vid="baaf86a0-e5dd-11e5-8482-ac72891c3257"/>
<item comment="" label="Amon-rlutcs" ok_max_mean_abs="270.0" ok_max_mean_abs_status="robust" ok_min_mean_abs="220.0" ok_min_mean_abs_status="robust" prov="" title="Guide ranges for rlutcs (table Amon)" uid="dad60250-3588-11e7-a0da-5404a60d96b5" valid_max="390.0" valid_max_status="robust" valid_min="65.0" valid_min_status="robust" vid="bab5bcdc-e5dd-11e5-8482-ac72891c3257"/>
<item comment="All models in CMIP5 range, but close to max: relaxed slightly" label="Amon-prw" ok_max_mean_abs="26.0" ok_max_mean_abs_status="robust" ok_min_mean_abs="12.0" ok_min_mean_abs_status="robust" prov="" title="Guide ranges for prw (table Amon)" uid="dad63fea-3588-11e7-a0da-5404a60d96b5" valid_max="90.0" valid_max_status="robust" valid_min="0.0" valid_min_status="robust" vid="bab45df6-e5dd-11e5-8482-ac72891c3257"/>
<item comment="CMIP5 models all consistent; several exceed CMOR table max;" label="Amon-prsn" ok_max_mean_abs="8e-06" ok_max_mean_abs_status="robust" ok_min_mean_abs="1e-06" ok_min_mean_abs_status="robust" prov="" title="Guide ranges for prsn (table Amon)" uid="dad67802-3588-11e7-a0da-5404a60d96b5" valid_max="0.0008" valid_max_status="robust" valid_min="-1e-06" valid_min_status="robust" vid="bab42b88-e5dd-11e5-8482-ac72891c3257"/>
<item comment="" label="Amon-rldscs" ok_max_mean_abs="310.0" ok_max_mean_abs_status="robust" ok_min_mean_abs="220.0" ok_min_mean_abs_status="robust" prov="" title="Guide ranges for rldscs (table Amon)" uid="dad6a5d4-3588-11e7-a0da-5404a60d96b5" valid_max="550.0" valid_max_status="robust" valid_min="25.0" valid_min_status="robust" vid="bab5540e-e5dd-11e5-8482-ac72891c3257"/>
<item comment="Only 3 models .. positive definate in CMIP5, but may turn negative in CMIP6" label="Amon-fco2antt" ok_max_mean_abs="1e-09" ok_max_mean_abs_status="tentative" ok_min_mean_abs="-1e-11" ok_min_mean_abs_status="tentative" prov="" title="Guide ranges for fco2antt (table Amon)" uid="dad6e490-3588-11e7-a0da-5404a60d96b5" valid_max="2e-07" valid_max_status="tentative" valid_min="-1e-07" valid_min_status="suggested" vid="baaddada-e5dd-11e5-8482-ac72891c3257"/>
<item comment="CMIP5 table values OK, but expanded slightly here to allow for greater spatial and scenario variability" label="Amon-pr" ok_max_mean_abs="4e-05" ok_max_mean_abs_status="robust" ok_min_mean_abs="1.5e-05" ok_min_mean_abs_status="robust" prov="" title="Guide ranges for pr (table Amon)" uid="dad71e92-3588-11e7-a0da-5404a60d96b5" valid_max="0.0015" valid_max_status="robust" valid_min="-1e-06" valid_min_status="robust" vid="bab3cb52-e5dd-11e5-8482-ac72891c3257"/>
<item comment="CMIP5 values OK .. abs range tightened slightly" label="Amon-ps" ok_max_mean_abs="100000.0" ok_max_mean_abs_status="robust" ok_min_mean_abs="93000.0" ok_min_mean_abs_status="robust" prov="" title="Guide ranges for ps (table Amon)" uid="dad74e1c-3588-11e7-a0da-5404a60d96b5" valid_max="112000.0" valid_max_status="robust" valid_min="47500.0" valid_min_status="robust" vid="bab47b56-e5dd-11e5-8482-ac72891c3257"/>
<item comment="" label="Amon-rlus" ok_max_mean_abs="380.0" ok_max_mean_abs_status="robust" ok_min_mean_abs="320.0" ok_min_mean_abs_status="robust" prov="" title="Guide ranges for rlus (table Amon)" uid="dad7836e-3588-11e7-a0da-5404a60d96b5" valid_max="660.0" valid_max_status="robust" valid_min="43.0" valid_min_status="robust" vid="bab578d0-e5dd-11e5-8482-ac72891c3257"/>
<item comment="Relaxed mean abs slightly" label="Amon-rlds" ok_max_mean_abs="330.0" ok_max_mean_abs_status="robust" ok_min_mean_abs="260.0" ok_min_mean_abs_status="robust" prov="CMIP5 data" title="Guide ranges for rlds (table Amon)" uid="dad7af7e-3588-11e7-a0da-5404a60d96b5" valid_max="520.0" valid_max_status="robust" valid_min="30.0" valid_min_status="robust" vid="bab52da8-e5dd-11e5-8482-ac72891c3257"/>
<item comment="" label="Amon-fco2nat" ok_max_mean_abs="1e-07" ok_max_mean_abs_status="suggested" ok_min_mean_abs="5e-10" ok_min_mean_abs_status="suggested" prov="" title="Guide ranges for fco2nat (table Amon)" uid="dad7fcf4-3588-11e7-a0da-5404a60d96b5" valid_max="2e-06" valid_max_status="suggested" valid_min="-2e-05" valid_min_status="suggested" vid="baaded68-e5dd-11e5-8482-ac72891c3257"/>
<item comment="" label="Amon-ts" ok_max_mean_abs="295.0" ok_max_mean_abs_status="robust" ok_min_mean_abs="255.0" ok_min_mean_abs_status="robust" prov="" title="Guide ranges for ts (table Amon)" uid="dad835fc-3588-11e7-a0da-5404a60d96b5" valid_max="340.0" valid_max_status="robust" valid_min="170.0" valid_min_status="robust" vid="babaef0e-e5dd-11e5-8482-ac72891c3257"/>
<item comment="" label="Amon-clt" ok_max_mean_abs="85.0" ok_max_mean_abs_status="robust" ok_min_mean_abs="35.0" ok_min_mean_abs_status="robust" prov="CMIP5 request/data" title="Guide ranges for clt (table Amon)" uid="dad86388-3588-11e7-a0da-5404a60d96b5" valid_max="100.001" valid_max_status="robust" valid_min="-0.001" valid_min_status="robust" vid="baaad7e0-e5dd-11e5-8482-ac72891c3257"/>
<item comment="CMIP5 values too restrictive .. resolution dependent extremes expected .. generous extension of range" label="Amon-vas" ok_max_mean_abs="10.0" ok_max_mean_abs_status="robust" ok_min_mean_abs="1.0" ok_min_mean_abs_status="robust" prov="" title="Guide ranges for vas (table Amon)" uid="dad8983a-3588-11e7-a0da-5404a60d96b5" valid_max="80.0" valid_max_status="robust" valid_min="-80.0" valid_min_status="robust" vid="babbcd34-e5dd-11e5-8482-ac72891c3257"/>
<item comment="CMIP5 values OK: one model has clear outliers not picked up by the limits: could be tightened?" label="Amon-psl" ok_max_mean_abs="106000.0" ok_max_mean_abs_status="robust" ok_min_mean_abs="96000.0" ok_min_mean_abs_status="robust" prov="" title="Guide ranges for psl (table Amon)" uid="dad8c486-3588-11e7-a0da-5404a60d96b5" valid_max="109000.0" valid_max_status="robust" valid_min="91000.0" valid_min_status="robust" vid="bab48ce0-e5dd-11e5-8482-ac72891c3257"/>
<item comment="" label="Amon-rlut" ok_max_mean_abs="305.0" ok_max_mean_abs_status="robust" ok_min_mean_abs="205.0" ok_min_mean_abs_status="robust" prov="" title="Guide ranges for rlut (table Amon)" uid="dad8fd70-3588-11e7-a0da-5404a60d96b5" valid_max="385.0" valid_max_status="robust" valid_min="65.0" valid_min_status="robust" vid="bab5aad0-e5dd-11e5-8482-ac72891c3257"/>
<item comment="" label="Amon-hurs" ok_max_mean_abs="99.0" ok_max_mean_abs_status="suggested" ok_min_mean_abs="50.0" ok_min_mean_abs_status="suggested" prov="CMIP5 data" title="Guide ranges for hurs (table Amon)" uid="dad935d8-3588-11e7-a0da-5404a60d96b5" valid_max="100.001" valid_max_status="robust" valid_min="-0.001" valid_min_status="robust" vid="baaff41e-e5dd-11e5-8482-ac72891c3257"/>
<item comment="CMIP5 values too limited: expanded here." label="Amon-rsds" ok_max_mean_abs="200.0" ok_max_mean_abs_status="robust" ok_min_mean_abs="120.0" ok_min_mean_abs_status="robust" prov="" title="Guide ranges for rsds (table Amon)" uid="dad96698-3588-11e7-a0da-5404a60d96b5" valid_max="550.0" valid_max_status="robust" valid_min="-0.1" valid_min_status="robust" vid="bab5e1b2-e5dd-11e5-8482-ac72891c3257"/>
<item comment="One model family in CMIP5 (NASA-GISS) has substantially larger values than all others. Broad limits set here to encompass all values." label="Amon-sbl" ok_max_mean_abs="0.0001" ok_max_mean_abs_status="robust" ok_min_mean_abs="0.0" ok_min_mean_abs_status="robust" prov="" title="Guide ranges for sbl (table Amon)" uid="dad99bc2-3588-11e7-a0da-5404a60d96b5" valid_max="0.001" valid_max_status="robust" valid_min="-0.0005" valid_min_status="robust" vid="bab6b948-e5dd-11e5-8482-ac72891c3257"/>
<item comment="CMIP5 values too limited: expanded here." label="Amon-rtmt" ok_max_mean_abs="150.0" ok_max_mean_abs_status="robust" ok_min_mean_abs="40.0" ok_min_mean_abs_status="robust" prov="" title="Guide ranges for rtmt (table Amon)" uid="dad9c908-3588-11e7-a0da-5404a60d96b5" valid_max="250.0" valid_max_status="robust" valid_min="-250.0" valid_min_status="robust" vid="bab6a91c-e5dd-11e5-8482-ac72891c3257"/>
<item comment="Convection can occur at any level in the atmosphere." label="Amon-cct" ok_max_mean_abs="100000.0" ok_max_mean_abs_status="suggested" ok_min_mean_abs="5000.0" ok_min_mean_abs_status="suggested" prov="CMIP6 discussion" title="Guide ranges for cct (table Amon)" uid="dada0008-3588-11e7-a0da-5404a60d96b5" valid_max="115000.0" valid_max_status="robust" valid_min="0.0" valid_min_status="robust" vid="baa96a0e-e5dd-11e5-8482-ac72891c3257"/>
<item comment="Two models  (one institution) in CMIP5 were under this valid_min, but acknowledged this as an error." label="Amon-rsutcs" ok_max_mean_abs="120.0" ok_max_mean_abs_status="robust" ok_min_mean_abs="30.0" ok_min_mean_abs_status="robust" prov="" title="Guide ranges for rsutcs (table Amon)" uid="dada2fb0-3588-11e7-a0da-5404a60d96b5" valid_max="480.0" valid_max_status="robust" valid_min="-0.1" valid_min_status="robust" vid="bab69c06-e5dd-11e5-8482-ac72891c3257"/>
<item comment="Maximum in CMIP5 archive 28 ... but resolution dependent." label="Amon-sfcWind" ok_max_mean_abs="15.0" ok_max_mean_abs_status="robust" ok_min_mean_abs="1.0" ok_min_mean_abs_status="robust" prov="" title="Guide ranges for sfcWind (table Amon)" uid="dada66ec-3588-11e7-a0da-5404a60d96b5" valid_max="80.0" valid_max_status="robust" valid_min="0.0" valid_min_status="robust" vid="bab6f494-e5dd-11e5-8482-ac72891c3257"/>
<item comment="CMIP5 values exceeded ... appear to have been too restrictive" label="Amon-tauv" ok_max_mean_abs="0.2" ok_max_mean_abs_status="robust" ok_min_mean_abs="0.01" ok_min_mean_abs_status="robust" prov="" title="Guide ranges for tauv (table Amon)" uid="dada9c34-3588-11e7-a0da-5404a60d96b5" valid_max="10.0" valid_max_status="robust" valid_min="-10.0" valid_min_status="robust" vid="bab9888a-e5dd-11e5-8482-ac72891c3257"/>
<item comment="" label="Amon-tasmin" ok_max_mean_abs="290.0" ok_max_mean_abs_status="robust" ok_min_mean_abs="250.0" ok_min_mean_abs_status="robust" prov="" title="Guide ranges for tasmin (table Amon)" uid="dadac88a-3588-11e7-a0da-5404a60d96b5" valid_max="345.0" valid_max_status="robust" valid_min="165.0" valid_min_status="robust" vid="bab955ea-e5dd-11e5-8482-ac72891c3257"/>
<item comment="CMIP5 values exceeded ... appear to have been too restrictive" label="Amon-tauu" ok_max_mean_abs="0.2" ok_max_mean_abs_status="robust" ok_min_mean_abs="0.01" ok_min_mean_abs_status="robust" prov="" title="Guide ranges for tauu (table Amon)" uid="dadafe7c-3588-11e7-a0da-5404a60d96b5" valid_max="10.0" valid_max_status="robust" valid_min="-10.0" valid_min_status="robust" vid="bab96cc4-e5dd-11e5-8482-ac72891c3257"/>
<item comment="" label="Amon-tasmax" ok_max_mean_abs="300.0" ok_max_mean_abs_status="robust" ok_min_mean_abs="260.0" ok_min_mean_abs_status="robust" prov="" title="Guide ranges for tasmax (table Amon)" uid="dadb2dc0-3588-11e7-a0da-5404a60d96b5" valid_max="355.0" valid_max_status="robust" valid_min="175.0" valid_min_status="robust" vid="bab942a8-e5dd-11e5-8482-ac72891c3257"/>
<item comment="CMIP5 values too limited: expanded here." label="Amon-rsus" ok_max_mean_abs="90.0" ok_max_mean_abs_status="robust" ok_min_mean_abs="10.0" ok_min_mean_abs_status="robust" prov="" title="Guide ranges for rsus (table Amon)" uid="dadb64ac-3588-11e7-a0da-5404a60d96b5" valid_max="480.0" valid_max_status="robust" valid_min="-0.1" valid_min_status="robust" vid="bab6537c-e5dd-11e5-8482-ac72891c3257"/>
<item comment="" label="Amon-hfls" ok_max_mean_abs="80.0" ok_max_mean_abs_status="robust" ok_min_mean_abs="45.0" ok_min_mean_abs_status="robust" prov="CMIP5 data" title="Guide ranges for hfls (table Amon)" uid="dadb9a62-3588-11e7-a0da-5404a60d96b5" valid_max="850.0" valid_max_status="robust" valid_min="-90.0" valid_min_status="robust" vid="baaefe2e-e5dd-11e5-8482-ac72891c3257"/>
<item comment="Two models  (one institution) in CMIP5 were under this valid_min, but acknowledged this as an error." label="Amon-rsut" ok_max_mean_abs="160.0" ok_max_mean_abs_status="robust" ok_min_mean_abs="60.0" ok_min_mean_abs_status="robust" prov="" title="Guide ranges for rsut (table Amon)" uid="dadbc5dc-3588-11e7-a0da-5404a60d96b5" valid_max="480.0" valid_max_status="robust" valid_min="-0.1" valid_min_status="robust" vid="bab68ebe-e5dd-11e5-8482-ac72891c3257"/>
<item comment="Convection can occur at any level in the atmosphere." label="Amon-ccb" ok_max_mean_abs="100000.0" ok_max_mean_abs_status="suggested" ok_min_mean_abs="5000.0" ok_min_mean_abs_status="suggested" prov="CMIP6 discussion" title="Guide ranges for ccb (table Amon)" uid="dadc04a2-3588-11e7-a0da-5404a60d96b5" valid_max="115000.0" valid_max_status="robust" valid_min="0.0" valid_min_status="robust" vid="baa92652-e5dd-11e5-8482-ac72891c3257"/>
<item comment="" label="day-clt" ok_max_mean_abs="90.0" ok_max_mean_abs_status="robust" ok_min_mean_abs="10.0" ok_min_mean_abs_status="robust" prov="" title="Guide ranges for clt (table day)" uid="dadc349a-3588-11e7-a0da-5404a60d96b5" url="http://w3id.org/cmip6dr/ranges/day_clt.html" valid_max="100.001" valid_max_status="robust" valid_min="-0.001" valid_min_status="robust" vid="baaace4e-e5dd-11e5-8482-ac72891c3257"/>
<item comment="" label="day-hfss" ok_max_mean_abs="60.0" ok_max_mean_abs_status="robust" ok_min_mean_abs="5.0" ok_min_mean_abs_status="robust" prov="" title="Guide ranges for hfss (table day)" uid="dadc6d5c-3588-11e7-a0da-5404a60d96b5" valid_max="2000.0" valid_max_status="robust" valid_min="-1000.0" valid_min_status="robust" vid="baaf91cc-e5dd-11e5-8482-ac72891c3257"/>
<item comment="" label="day-hfls" ok_max_mean_abs="110.0" ok_max_mean_abs_status="robust" ok_min_mean_abs="30.0" ok_min_mean_abs_status="robust" prov="" title="Guide ranges for hfls (table day)" uid="dadca25e-3588-11e7-a0da-5404a60d96b5" valid_max="1800.0" valid_max_status="robust" valid_min="-400.0" valid_min_status="robust" vid="baaf0a9a-e5dd-11e5-8482-ac72891c3257"/>
<item comment="" label="Omon-agessc" ok_max_mean_abs="5000.0" ok_max_mean_abs_status="suggested" ok_min_mean_abs="50.0" ok_min_mean_abs_status="suggested" prov="" title="Guide ranges for agessc (table Omon)" uid="dadcceaa-3588-11e7-a0da-5404a60d96b5" valid_max="20000.0" valid_max_status="suggested" valid_min="-0.001" valid_min_status="robust" vid="baa56de6-e5dd-11e5-8482-ac72891c3257"/>
<item ok_max_mean_abs="299.8" ok_max_mean_abs_status="suggested" ok_min_mean_abs="194.3" ok_min_mean_abs_status="suggested" uid="dadd0cf8-3588-11e7-a0da-5404a60d96b5" valid_max="336.3" valid_max_status="suggested" valid_min="157.1" valid_min_status="suggested" vid="bab8fa0a-e5dd-11e5-8482-ac72891c3257"/>
<item ok_max_mean_abs="0.2846" ok_max_mean_abs_status="suggested" ok_min_mean_abs="-0.03549" ok_min_mean_abs_status="suggested" uid="dadd13ec-3588-11e7-a0da-5404a60d96b5" valid_max="3.364" valid_max_status="suggested" valid_min="-3.827e-06" valid_min_status="suggested" vid="baab1818-e5dd-11e5-8482-ac72891c3257"/>
<item ok_max_mean_abs="315.8" ok_max_mean_abs_status="suggested" ok_min_mean_abs="282.6" ok_min_mean_abs_status="suggested" uid="dadd1ae0-3588-11e7-a0da-5404a60d96b5" valid_max="580.4" valid_max_status="suggested" valid_min="0" valid_min_status="suggested" vid="bab6219a-e5dd-11e5-8482-ac72891c3257"/>
<item ok_max_mean_abs="26.07" ok_max_mean_abs_status="suggested" ok_min_mean_abs="-0.04479" ok_min_mean_abs_status="suggested" uid="dadd218e-3588-11e7-a0da-5404a60d96b5" valid_max="105" valid_max_status="suggested" valid_min="0" valid_min_status="suggested" vid="baaa4302-e5dd-11e5-8482-ac72891c3257"/>
<item ok_max_mean_abs="0.04256" ok_max_mean_abs_status="suggested" ok_min_mean_abs="-0.005083" ok_min_mean_abs_status="suggested" uid="dadd2800-3588-11e7-a0da-5404a60d96b5" valid_max="2.319" valid_max_status="suggested" valid_min="-1.126" valid_min_status="suggested" vid="babd0906-e5dd-11e5-8482-ac72891c3257"/>
<item ok_max_mean_abs="3.299e+04" ok_max_mean_abs_status="suggested" ok_min_mean_abs="-113.4" ok_min_mean_abs_status="suggested" uid="dadd2df0-3588-11e7-a0da-5404a60d96b5" valid_max="3.437e+04" valid_max_status="suggested" valid_min="-719.7" valid_min_status="suggested" vid="babd9ace-e5dd-11e5-8482-ac72891c3257"/>
<item ok_max_mean_abs="97" ok_max_mean_abs_status="suggested" ok_min_mean_abs="-10.31" ok_min_mean_abs_status="suggested" uid="dadd3412-3588-11e7-a0da-5404a60d96b5" valid_max="135.7" valid_max_status="suggested" valid_min="-2.642" valid_min_status="suggested" vid="baafe578-e5dd-11e5-8482-ac72891c3257"/>
<item ok_max_mean_abs="0.01041" ok_max_mean_abs_status="suggested" ok_min_mean_abs="-0.0003539" ok_min_mean_abs_status="suggested" uid="dadd39da-3588-11e7-a0da-5404a60d96b5" valid_max="0.02841" valid_max_status="suggested" valid_min="-0.000299" valid_min_status="suggested" vid="bab00b98-e5dd-11e5-8482-ac72891c3257"/>
<item ok_max_mean_abs="22.42" ok_max_mean_abs_status="suggested" ok_min_mean_abs="1.101" ok_min_mean_abs_status="suggested" uid="dadd4006-3588-11e7-a0da-5404a60d96b5" valid_max="136.6" valid_max_status="suggested" valid_min="-68.65" valid_min_status="suggested" vid="babb4b34-e5dd-11e5-8482-ac72891c3257"/>
<item ok_max_mean_abs="4.679" ok_max_mean_abs_status="suggested" ok_min_mean_abs="0.9886" ok_min_mean_abs_status="suggested" uid="dadd4b96-3588-11e7-a0da-5404a60d96b5" valid_max="69.93" valid_max_status="suggested" valid_min="-71.1" valid_min_status="suggested" vid="babbb25e-e5dd-11e5-8482-ac72891c3257"/>
<item ok_max_mean_abs="0.1187" ok_max_mean_abs_status="suggested" ok_min_mean_abs="-0.0348" ok_min_mean_abs_status="suggested" uid="dadd52a8-3588-11e7-a0da-5404a60d96b5" valid_max="1.535" valid_max_status="suggested" valid_min="-1.872e-06" valid_min_status="suggested" vid="baaa9852-e5dd-11e5-8482-ac72891c3257"/>
<item uid="dadd5bcc-3588-11e7-a0da-5404a60d96b5" valid_max="30.0" valid_max_status="suggested" valid_min="0.0" valid_min_status="suggested" vid="bab5c7fe-e5dd-11e5-8482-ac72891c3257"/>
<item uid="dadd6072-3588-11e7-a0da-5404a60d96b5" valid_max="10000.0" valid_max_status="suggested" valid_min="-700.0" valid_min_status="suggested" vid="bab2f9d4-e5dd-11e5-8482-ac72891c3257"/>
<item uid="dadd6522-3588-11e7-a0da-5404a60d96b5" valid_max="100.0" valid_max_status="suggested" valid_min="0.0" valid_min_status="suggested" vid="bab742c8-e5dd-11e5-8482-ac72891c3257"/>
<item ok_max_mean_abs="1e+12" ok_max_mean_abs_status="suggested" ok_min_mean_abs="100000.0" ok_min_mean_abs_status="suggested" uid="dadd69e6-3588-11e7-a0da-5404a60d96b5" valid_max="1e+12" valid_max_status="suggested" valid_min="100000.0" valid_min_status="suggested" vid="baa83a12-e5dd-11e5-8482-ac72891c3257"/>
<item uid="dadd6fb8-3588-11e7-a0da-5404a60d96b5" valid_max="100.0" valid_max_status="suggested" valid_min="0.0" valid_min_status="suggested" vid="bab73a76-e5dd-11e5-8482-ac72891c3257"/>
<item ok_max_mean_abs="0.2998" ok_max_mean_abs_status="suggested" ok_min_mean_abs="-0.0511" ok_min_mean_abs_status="suggested" uid="dadd7a76-3588-11e7-a0da-5404a60d96b5" valid_max="0.3734" valid_max_status="suggested" valid_min="-0.1375" valid_min_status="suggested" vid="baa51058-e5dd-11e5-8482-ac72891c3257"/>
<item ok_max_mean_abs="2.364e+14" ok_max_mean_abs_status="suggested" ok_min_mean_abs="5.91e+13" ok_min_mean_abs_status="suggested" uid="dadd8250-3588-11e7-a0da-5404a60d96b5" valid_max="2.691e+15" valid_max_status="suggested" valid_min="-1.772e+15" valid_min_status="suggested" vid="baa5ef8c-e5dd-11e5-8482-ac72891c3257"/>
<item ok_max_mean_abs="303.5" ok_max_mean_abs_status="suggested" ok_min_mean_abs="272" ok_min_mean_abs_status="suggested" uid="dadd8836-3588-11e7-a0da-5404a60d96b5" valid_max="325.2" valid_max_status="suggested" valid_min="257.4" valid_min_status="suggested" vid="baa52de0-e5dd-11e5-8482-ac72891c3257"/>
<item ok_max_mean_abs="6.051e-05" ok_max_mean_abs_status="suggested" ok_min_mean_abs="1.831e-05" ok_min_mean_abs_status="suggested" uid="dadd9146-3588-11e7-a0da-5404a60d96b5" valid_max="0.03952" valid_max_status="suggested" valid_min="-0.005411" valid_min_status="suggested" vid="baa63578-e5dd-11e5-8482-ac72891c3257"/>
<item ok_max_mean_abs="8.156e+14" ok_max_mean_abs_status="suggested" ok_min_mean_abs="2.039e+14" ok_min_mean_abs_status="suggested" uid="dadd97a4-3588-11e7-a0da-5404a60d96b5" valid_max="1.305e+16" valid_max_status="suggested" valid_min="-6.263e+15" valid_min_status="suggested" vid="baa5f3ba-e5dd-11e5-8482-ac72891c3257"/>
<item ok_max_mean_abs="6.11e-06" ok_max_mean_abs_status="suggested" ok_min_mean_abs="1.449e-06" ok_min_mean_abs_status="suggested" uid="dadda23a-3588-11e7-a0da-5404a60d96b5" valid_max="0.0002987" valid_max_status="suggested" valid_min="0" valid_min_status="suggested" vid="baa61c28-e5dd-11e5-8482-ac72891c3257"/>
<item ok_max_mean_abs="1.572" ok_max_mean_abs_status="suggested" ok_min_mean_abs="0.008384" ok_min_mean_abs_status="suggested" uid="dadda8c0-3588-11e7-a0da-5404a60d96b5" valid_max="9.575" valid_max_status="suggested" valid_min="-13.97" valid_min_status="suggested" vid="baa507f2-e5dd-11e5-8482-ac72891c3257"/>
<item uid="daddb626-3588-11e7-a0da-5404a60d96b5" valid_max="113000.0" valid_max_status="suggested" valid_min="92500.0" valid_min_status="suggested" vid="910446fc-267c-11e7-8933-ac72891c3257"/>
<item ok_max_mean_abs="3038" ok_max_mean_abs_status="suggested" ok_min_mean_abs="-1424" ok_min_mean_abs_status="suggested" uid="daddbd6a-3588-11e7-a0da-5404a60d96b5" valid_max="5717" valid_max_status="suggested" valid_min="-64.17" valid_min_status="suggested" vid="bab1a782-e5dd-11e5-8482-ac72891c3257"/>
<item ok_max_mean_abs="123.3" ok_max_mean_abs_status="suggested" ok_min_mean_abs="-35.89" ok_min_mean_abs_status="suggested" uid="daddc35a-3588-11e7-a0da-5404a60d96b5" valid_max="146.5" valid_max_status="suggested" valid_min="-2.008" valid_min_status="suggested" vid="bab1c85c-e5dd-11e5-8482-ac72891c3257"/>
<item ok_max_mean_abs="1.302e-05" ok_max_mean_abs_status="suggested" ok_min_mean_abs="-5.867e-06" ok_min_mean_abs_status="suggested" uid="daddca12-3588-11e7-a0da-5404a60d96b5" valid_max="0.0009825" valid_max_status="suggested" valid_min="-6.802e-06" valid_min_status="suggested" vid="bab19ff8-e5dd-11e5-8482-ac72891c3257"/>
<item ok_max_mean_abs="940.3" ok_max_mean_abs_status="suggested" ok_min_mean_abs="-419" ok_min_mean_abs_status="suggested" uid="daddd02a-3588-11e7-a0da-5404a60d96b5" valid_max="5763" valid_max_status="suggested" valid_min="0" valid_min_status="suggested" vid="bab1688a-e5dd-11e5-8482-ac72891c3257"/>
<item ok_max_mean_abs="1.874e-05" ok_max_mean_abs_status="suggested" ok_min_mean_abs="-6.668e-06" ok_min_mean_abs_status="suggested" uid="daddd69c-3588-11e7-a0da-5404a60d96b5" valid_max="0.001065" valid_max_status="suggested" valid_min="-0.0002019" valid_min_status="suggested" vid="bab17a6e-e5dd-11e5-8482-ac72891c3257"/>
<item ok_max_mean_abs="4.503" ok_max_mean_abs_status="suggested" ok_min_mean_abs="-1.961" ok_min_mean_abs_status="suggested" uid="dadddd40-3588-11e7-a0da-5404a60d96b5" valid_max="962.9" valid_max_status="suggested" valid_min="0" valid_min_status="suggested" vid="bab7e05c-e5dd-11e5-8482-ac72891c3257"/>
<item ok_max_mean_abs="6.123e-06" ok_max_mean_abs_status="suggested" ok_min_mean_abs="-2.092e-06" ok_min_mean_abs_status="suggested" uid="dadde31c-3588-11e7-a0da-5404a60d96b5" valid_max="0.0003926" valid_max_status="suggested" valid_min="0" valid_min_status="suggested" vid="bab802f8-e5dd-11e5-8482-ac72891c3257"/>
<item ok_max_mean_abs="78.46" ok_max_mean_abs_status="suggested" ok_min_mean_abs="-29.01" ok_min_mean_abs_status="suggested" uid="dadde8d0-3588-11e7-a0da-5404a60d96b5" valid_max="105" valid_max_status="suggested" valid_min="0" valid_min_status="suggested" vid="bab7c2d4-e5dd-11e5-8482-ac72891c3257"/>
<item ok_max_mean_abs="1.213e+04" ok_max_mean_abs_status="suggested" ok_min_mean_abs="-6025" ok_min_mean_abs_status="suggested" uid="daddf334-3588-11e7-a0da-5404a60d96b5" valid_max="9.555e+05" valid_max_status="suggested" valid_min="-0.007542" valid_min_status="suggested" vid="bab81e50-e5dd-11e5-8482-ac72891c3257"/>
<item ok_max_mean_abs="9.61e-05" ok_max_mean_abs_status="suggested" ok_min_mean_abs="-5.521e-05" ok_min_mean_abs_status="suggested" uid="daddf992-3588-11e7-a0da-5404a60d96b5" valid_max="0.0009936" valid_max_status="suggested" valid_min="-0.004959" valid_min_status="suggested" vid="bab6bba0-e5dd-11e5-8482-ac72891c3257"/>
</qcranges>
<places id="" label="places" title="Places, States or Reservoirs" uid="SECTION:places" useClass="vocab">
<!-- <info srcType="dummy" srcRef="ptxt.py">Dummy entries</info> -->
</places>
<transfers id="" label="transfers" title="Transfers of Material" uid="SECTION:transfers" useClass="vocab">
<!-- <info srcType="dummy" srcRef="ptxt.py">Dummy entries</info> -->
</transfers>
<units id="" label="units" title="Units" uid="SECTION:units" useClass="vocab">
<!-- <info srcType="dummy" srcRef="ptxt.py">Dummy entries</info> -->
<item group="unitless" label="blank" text="" title="blank (depricated)" uid="fd6e731e-3468-11e6-ba71-5404a60d96b5"/>
<item label="kgpm3s" text="kg m-3 s-1" title="kilogram per unit volume per second" uid="fd7160d8-3468-11e6-ba71-5404a60d96b5"/>
<item label="mps" text="m s-1" title="Metre per second" uid="fd71a7c8-3468-11e6-ba71-5404a60d96b5"/>
<item group="acceleration" label="mps2" text="m s-2" title="Metre per second squared" uid="fd71b06a-3468-11e6-ba71-5404a60d96b5"/>
<item group="time" label="mon" text="month" title="month" uid="fd726190-3468-11e6-ba71-5404a60d96b5"/>
<item label="molpkg" text="mol kg-1" title="Moles per kilogram" uid="fd722c70-3468-11e6-ba71-5404a60d96b5"/>
<item label="m4ps" text="m4 s-1" title="Metre to the fourth per second" uid="fd720e70-3468-11e6-ba71-5404a60d96b5"/>
<item label="kelvinpaps" text="K Pa s-1" title="Kelvin Pascal per second" uid="fd705cd8-3468-11e6-ba71-5404a60d96b5"/>
<item label="mjpms" text="1.e6 J m-1 s-1" title="Million Joules per metre per second" uid="fd700148-3468-11e6-ba71-5404a60d96b5"/>
<item group="unitless" label="deglon" text="degrees_east" title="degree east" uid="fd70e900-3468-11e6-ba71-5404a60d96b5"/>
<item label="jpkgk" text="J kg-1 K-1" title="Joules per kilogram Kelvin" uid="fd7046bc-3468-11e6-ba71-5404a60d96b5"/>
<item label="hertz2" text="s-2" title="Hertz squared" uid="88f99ba0-b0a3-11e6-aab6-ac72891c3257"/>
<item group="time" label="hertz" text="s-1" title="Hertz" uid="fd7288c8-3468-11e6-ba71-5404a60d96b5"/>
<item group="distance or height" label="micron" text="micron" title="Micron" uid="75b235c4-fe83-11e6-b43f-5404a60d96b5"/>
<item label="mpyr" text="m yr-1" title="Metre per year" uid="fd71b8da-3468-11e6-ba71-5404a60d96b5"/>
<item group="pressure" label="kgpms2" text="kg m-1 s-2" title="kilogram per metre per second squared" uid="fd713f40-3468-11e6-ba71-5404a60d96b5"/>
<item label="kgpms" text="kg m-1 s-1" title="kilogram per metre per second" uid="fd713860-3468-11e6-ba71-5404a60d96b5"/>
<item label="kgpm2" text="kg m-2" title="kilogram per unit area" uid="fd711ac4-3468-11e6-ba71-5404a60d96b5"/>
<item label="kgpm3" text="kg m-3" title="kilogram per unit volume" uid="fd715930-3468-11e6-ba71-5404a60d96b5"/>
<item label="kelvinps" text="K s-1" title="Kelvin per second" uid="fd707420-3468-11e6-ba71-5404a60d96b5"/>
<item group="acceleration" label="mpsd" text="m s-1 d-1" title="Metre per second per day" uid="fd726a00-3468-11e6-ba71-5404a60d96b5"/>
<item label="kg2ps2" text="kg2 s-2" title="kg squared per second squared" uid="fd717ed8-3468-11e6-ba71-5404a60d96b5"/>
<item label="kgps" text="kg s-1" title="klogram per second" uid="fd716830-3468-11e6-ba71-5404a60d96b5"/>
<item group="Newton per metre" label="kgps2" text="kg s-2" title="klogram per second squared" uid="fd716f9c-3468-11e6-ba71-5404a60d96b5"/>
<item label="mol" text="mol" title="mole" uid="fd72246e-3468-11e6-ba71-5404a60d96b5"/>
<item group="time" label="yr" text="yr" title="year" uid="fd729ae8-3468-11e6-ba71-5404a60d96b5"/>
<item group="time" label="day" text="day" title="Day" uid="fd70cd76-3468-11e6-ba71-5404a60d96b5"/>
<item group="time" label="minute" text="minute" title="minute" uid="fd72156e-3468-11e6-ba71-5404a60d96b5"/>
<item group="unitless" label="psu" text="psu" title="Practical Salinity Unit" uid="fd727266-3468-11e6-ba71-5404a60d96b5"/>
<item label="molpm2s" text="mol m-2 s-1" title="Moles per area per second" uid="fd72349a-3468-11e6-ba71-5404a60d96b5"/>
<item group="unitless" label="ppthou" text="1.e-3" title="" uid="fd6ff78e-3468-11e6-ba71-5404a60d96b5"/>
<item label="molpm3s" text="mol m-3 s-1" title="Tendency of moles per unit volume" uid="fd7243a4-3468-11e6-ba71-5404a60d96b5"/>
<item group="pressure" label="pa" text="Pa" title="Pascal" uid="fd709388-3468-11e6-ba71-5404a60d96b5"/>
<item group="distance or height" label="pcm" text="cm-1" title="Wavelengths per centimetre" uid="fd70c696-3468-11e6-ba71-5404a60d96b5"/>
<item group="unitless" label="molpmol" text="mol mol-1" title="Volume mixing ratio" uid="fd724b4c-3468-11e6-ba71-5404a60d96b5"/>
<item group="volume" label="tkm3" text="1e3 km3" title="Thousand cubic kilometre" uid="fd70293e-3468-11e6-ba71-5404a60d96b5"/>
<item label="molpm3" text="mol m-3" title="Moles per unit volume" uid="fd723bf2-3468-11e6-ba71-5404a60d96b5"/>
<item label="pa2ps2" text="Pa2 s-2" title="Pascal squared per second squared" uid="fd70a990-3468-11e6-ba71-5404a60d96b5"/>
<item label="molpyr" text="mol yr-1" title="Mole tendency" uid="fd725a42-3468-11e6-ba71-5404a60d96b5"/>
<item label="kgpm2s" text="kg m-2 s-1" title="kilogram per metre squared per second" uid="fd71526e-3468-11e6-ba71-5404a60d96b5"/>
<item group="unitless" label="degree" text="degree" title="Degree of Arc" uid="8bce5e38-a59a-11e6-acf8-5404a60d96b5"/>
<item label="kelvin" text="K" title="Kelvin" uid="fd70554e-3468-11e6-ba71-5404a60d96b5"/>
<item group="distance or height" label="pkm" text="km-1" title="per kilometre" uid="fd718644-3468-11e6-ba71-5404a60d96b5"/>
<item group="Newton per metre" label="jpm2" text="J m-2" title="Joules per unit area" uid="fd704e14-3468-11e6-ba71-5404a60d96b5"/>
<item label="w" text="W" title="Watts" uid="fd70b0c0-3468-11e6-ba71-5404a60d96b5"/>
<item group="time" label="s" text="s" title="Second" uid="fd7279dc-3468-11e6-ba71-5404a60d96b5"/>
<item label="wpm2" text="W m-2" title="Watts per metre squared" uid="fd70b822-3468-11e6-ba71-5404a60d96b5"/>
<item group="area" label="mkm2" text="1e6 km2" title="Million square kilometre" uid="fd70312c-3468-11e6-ba71-5404a60d96b5"/>
<item group="distance or height" label="pmpsr" text="m-1 sr-1" title="Per Meter Per Steradian" uid="472d53fe-c62b-11e6-9482-ac72891c3257"/>
<item label="hoursfrom" text="hours since ?" title="hs" uid="fd710c00-3468-11e6-ba71-5404a60d96b5"/>
<item label="kelvinsq" text="K2" title="Kelvin squared" uid="fd707b78-3468-11e6-ba71-5404a60d96b5"/>
<item label="m3ps2" text="m3 s-2" title="Metre cubed per second squared" uid="fd720632-3468-11e6-ba71-5404a60d96b5"/>
<item label="m3ps" text="m3 s-1" title="Metre cubed per second" uid="fd71fed0-3468-11e6-ba71-5404a60d96b5"/>
<item label="m2ps2" text="m2 s-2" title="Metre squared per second squared" uid="fd71eed6-3468-11e6-ba71-5404a60d96b5"/>
<item label="m2ps" text="m2 s-1" title="Metre squared per second" uid="fd71e6de-3468-11e6-ba71-5404a60d96b5"/>
<item label="paps" text="Pa s-1" title="Pascal per second" uid="fd70a242-3468-11e6-ba71-5404a60d96b5"/>
<item label="pamps2" text="Pa m s-2" title="Pascal metre per second squared" uid="fd709af4-3468-11e6-ba71-5404a60d96b5"/>
<item label="degc" text="degC" title="Degree Celcius" uid="fd70db36-3468-11e6-ba71-5404a60d96b5"/>
<item group="volume" label="m3" text="m3" title="Metre cubed" uid="fd71f6b0-3468-11e6-ba71-5404a60d96b5"/>
<item group="area" label="m2" text="m2" title="Metre squared" uid="fd71de78-3468-11e6-ba71-5404a60d96b5"/>
<item group="unitless" label="ppthou" text="0.001" title="Parts Per Thousand" uid="fd6fda9c-3468-11e6-ba71-5404a60d96b5"/>
<item label="gpm2" text="1e-3 kg m-2" title="Grams per square metre" uid="fd7020d8-3468-11e6-ba71-5404a60d96b5"/>
<item label="degc2" text="degC2" title="Degree Celcius Squared" uid="b621c8f4-6455-11e6-8881-5404a60d96b5"/>
<item label="km2pgks" text="K m2 kg-1 s-1" title="Kelvin metre squared per kilogram per second" uid="fd706c0a-3468-11e6-ba71-5404a60d96b5"/>
<item group="unitless" label="ppm" text="1e-06" title="Parts Per Million" uid="fd70094a-3468-11e6-ba71-5404a60d96b5"/>
<item group="time" label="hours" text="hour" title="hours" uid="fd71016a-3468-11e6-ba71-5404a60d96b5"/>
<item group="Newton per metre" label="npm" text="N m-1" title="Newton per metre" uid="fd708398-3468-11e6-ba71-5404a60d96b5"/>
<item group="pressure" label="npm2" text="N m-2" title="Newton per square metre" uid="fd708bf4-3468-11e6-ba71-5404a60d96b5"/>
<item label="molps" text="mol s-1" title="Mole tendency per second" uid="31f154d8-b175-11e6-aa9d-5404a60d96b5"/>
<item label="pkm2s" text="km-2 s-1" title="per kilometre squared per second" uid="fd718dce-3468-11e6-ba71-5404a60d96b5"/>
<item label="mk" text="m K" title="Metre Kelvin" uid="fd719ee0-3468-11e6-ba71-5404a60d96b5"/>
<item label="degckgpm2" text="degC kg m-2" title="Degree Celcius kg per unit area" uid="fd70e27a-3468-11e6-ba71-5404a60d96b5"/>
<item label="" text="mmol m-2 s-1" title="" uid="fd721cd0-3468-11e6-ba71-5404a60d96b5"/>
<item group="unitless" label="ppt" text="1e-12" title="Parts Per Trillion" uid="fd7018fe-3468-11e6-ba71-5404a60d96b5"/>
<item group="unitless" label="percentage" text="%" title="Percentage" uid="fd6ee984-3468-11e6-ba71-5404a60d96b5"/>
<item label="dash" text="-" title="dash (depricated)" uid="fd6f63dc-3468-11e6-ba71-5404a60d96b5"/>
<item group="unitless" label="fraction" text="1" title="" uid="fd6fef50-3468-11e6-ba71-5404a60d96b5"/>
<item group="unitless" label="kgpkg" text="kg kg-1" title="kilogram per kilogram" uid="fd713162-3468-11e6-ba71-5404a60d96b5"/>
<item label="spm" text="s m-1" title="Second per metre" uid="fd728134-3468-11e6-ba71-5404a60d96b5"/>
<item group="distance or height" label="pm2" text="m-1" title="Per metre" uid="fd71c168-3468-11e6-ba71-5404a60d96b5"/>
<item group="volume" label="pm3" text="m-3" title="Per metre cubed" uid="fd71d130-3468-11e6-ba71-5404a60d96b5"/>
<item group="area" label="pm2" text="m-2" title="Per metre squared" uid="fd71c99c-3468-11e6-ba71-5404a60d96b5"/>
<item label="none" text="unitless" title="unitless" uid="fd729214-3468-11e6-ba71-5404a60d96b5"/>
<item label="kg" text="kg" title="kilograms" uid="fd7113ee-3468-11e6-ba71-5404a60d96b5"/>
<item label="kelvinmps" text="K m s-1" title="Kelvin metre per second" uid="fd706458-3468-11e6-ba71-5404a60d96b5"/>
<item group="unitless" label="ppb" text="1e-09" title="Parts Per Billion" uid="fd701138-3468-11e6-ba71-5404a60d96b5"/>
<item group="distance or height" label="m" text="m" title="Metre" uid="fd719698-3468-11e6-ba71-5404a60d96b5"/>
<item group="unitless" label="deglat" text="degrees_north" title="degree north" uid="fd70ef7c-3468-11e6-ba71-5404a60d96b5"/>
<item label="micmps" text="1e-6 m s-1" title="Micrometers Per Second" uid="8d46eaa2-c7b7-11e6-8f49-ac72891c3257"/>
</units>
</main>
</document>
